Station ID,Station,Total Sessions,Total Connection Time,Total Amount,Currency,Total kWh,Park
="6e779f14-f3c6-4638-8967-5b03d782a3d0",="AUI-10372","5","3:18","0.00","USD","12.183",="FLO | EVC122 | SLID 43326 | 2316 W Martin Luther King Jr Blvd"
="cdf97140-1583-44dc-b29d-59cb7559d223",="AUI-10263","159","542:59","67.38","USD","2846.116",="FLO | EVC137 | SLID 233111 | 1231 S Hill St"
="c3acf3df-c3da-4321-a2fe-229ee621d828",="AUI-10254","57","115:08","214.96","USD","497.165",="FLO | EVC147 | SLID 228105 | 942 S Crocker St"
="a450ce03-f3f8-47bd-a7ff-5d92fa992bf5",="AUI-10265","26","32:57","50.29","USD","139.396",="FLO | EVC149 | SLID 189595 | 5764 S Vermont Ave"
="69317c4d-20a0-4f56-90cf-8eecd2e46d79",="AUI-10218","122","210:57","260.14","USD","1142.335",="FLO | EVC150 | SLID 154242 | 7150 N Shoup Ave"
="20ce9dca-5da0-4dbf-989d-1cc2e10cfa22",="AUI-10241","17","59:03","29.20","USD","158.86",="FLO | EVC151 | SLID 150900 | 20771 W Sherman Way"
="5f25e321-b785-4bef-90c0-d4a5293cc412",="AUI-10201","60","165:30","84.68","USD","550.297",="FLO | EVC160 | SLID 150834 | 145 E Olympic Blvd"
="6c50c7be-024a-4fb6-9c07-dfebe4ff3112",="AUI-10226","139","774:06","81.94","USD","3446.609",="FLO | EVC164 | SLID 3494 | 1222 S Grand Ave"
="9287c803-1e45-4088-9655-4dffbd1a4f31",="AUI-10212","34","45:01","20.10","USD","157.361",="FLO | EVC171 | SLID 77384 | 1676 N Hobart Blvd"
="a7613609-fb1e-458c-8dd3-f8369293b8b5",="AUI-10244","25","77:54","11.05","USD","317.646",="FLO | EVC173 | SLID 144710 | 5617 N Laurel Canyon Blvd"
="f871822d-1a55-4235-a359-9731d1125d0d",="AUI-10259","205","488:56","593.55","USD","2816.475",="FLO | EVC176 | SLID 154374 | 4977 N Genesta Ave"
="14a6a91d-5b7f-4243-9695-788741bb239c",="AUI-10228","195","384:43","397.88","USD","1725.87",="FLO | EVC180 | SLID 93411 | 4882 N Libbit Ave"
="f98a729c-445a-4514-8997-2fb4324870c0",="AUI-10345","82","301:43","0.00","USD","1487.609",="FLO | EVC181 | SLID 67020 | 5093 Alonzo Ave"
="92172af6-00d3-4231-80e8-0a5f68485bbf",="AUI-10248","29","62:49","78.53","USD","274.83",="FLO | EVC182 | SLID 196033 | 20217 Prairie St"
="3dcc181a-e99e-4a15-9247-c400d81637c8",="AUI-10328","5","0:22","1.00","USD","2.31",="FLO | EVC184 | SLID 60990 | 25825 Normandie Ave"
="38767f90-7b9f-4124-b8a5-6145559bd0d0",="AUI-10237","12","4:32","7.01","USD","18.392",="FLO | EVC185 | SLID 150897 | 25820 S Western Ave"
="7c6b2994-5068-4c19-b912-e23bb6cc02f8",="AUI-10214","35","108:46","122.04","USD","671.11",="FLO | EVC186 | SLID 149614 | 1557 W 19th St"
="b2e37dfe-705d-4aab-b68d-af16f6670dbc",="AUI-10262","217","689:17","746.87","USD","2478.211",="FLO | EVC191 | SLID 153853 | 12412 W Moorpark St"
="75798d63-961b-4b79-92c0-399de3199144",="AUI-10224","96","189:25","123.71","USD","862.152",="FLO | EVC194 | SLID 131404 | 23743 W Roscoe Blvd"
="510fb9bf-f9e6-41c3-9cdf-25b468fdc571",="AUI-10269","89","246:32","112.01","USD","1389.768",="FLO | EVC195 | SLID 16784 | 17729 Chatsworth Ave"
="958b0ff2-7ee2-4770-be57-71d7528c2e13",="AUI-10205","89","152:22","164.11","USD","808.296",="FLO | EVC196 | SLID 12326 | 6710 Platt Ave"
="526f9c1d-9bdd-429a-b75f-b38b76e5e99d",="AUI-10255","2","0:00","0.00","USD","0.07",="FLO | EVC202 | SLID 71354 | 290 N Mission Road"
="c3fae541-f653-44dc-ac2e-33f05844d318",="AUI-10268","20","80:57","16.93","USD","306.375",="FLO | EVC212 | SLID 113237 | 17832 Plummer Street"
="9e958347-b05b-4fb8-84b2-b583966336bd",="AUI-10257","6","5:22","10.81","USD","30.082",="FLO | EVC213 | SLID 126624 | 20321 W Saticoy St"
="5fa94af6-c990-4f02-8d2f-9225e41a8950",="AUI-10274","14","22:43","0.00","USD","95.417",="FLO | EVC215 | SLID 204035 | 651 W 1st"
="1f56cf2a-b36d-406b-9fd0-bb58382f0885",="AUI-10245","102","200:08","350.40","USD","974.938",="FLO | EVC22 | SLID 78390 | 9200 Venice Blvd"
="17387cfa-3230-4b84-938c-e40dac89ea87",="AUI-10216","80","199:32","388.71","USD","1025.825",="FLO | EVC225 | SLID 74883 | 4712 W Washington Blvd"
="68b61913-42c1-4aff-aeb6-fe79c24c39c9",="AUI-10273","307","838:56","1182.76","USD","3781.072",="FLO | EVC227 | SLID 220967 | 13310 W Bluff Creek Dr"
="fceb84ec-9c36-46e9-b683-25b26c4beaf8",="AUI-10270","10","21:43","9.60","USD","92.112",="FLO | EVC228 | SLID 9903 | 9037 Loyola Blvd"
="847110e9-7339-4f60-a207-55c26bef5a9f",="AUI-10232","83","283:51","247.81","USD","561.294",="FLO | EVC229 | SLID 155178 | 1724 W Century Blvd"
="da9fb0a2-5283-4b23-abaf-c43a324cf329",="AUI-10256","10","11:23","19.49","USD","45.382",="FLO | EVC230 | SLID 56173 | 8843 S St Andrews Pl"
="73fb9b6c-6306-4e23-afa5-36a56d9691f1",="AUI-10230","12","9:38","3.13","USD","33.759",="FLO | EVC231 | SLID 91764 | 8923 S Western Ave"
="986921ed-b5c4-4f6b-a057-cdab8ea6ca37",="AUI-10234","59","101:36","189.17","USD","328.317",="FLO | EVC233 | SLID 170960 | 3145 S Vermont Ave"
="f7d94e60-962d-4230-9b3b-2fd2d3b0b3c3",="AUI-10240","107","206:19","264.46","USD","742.586",="FLO | EVC234 | SLID 71853 | 3540 W 3rd St"
="1c4d18f4-b181-45d5-8458-920ebf247922",="AUI-10239","143","243:50","404.40","USD","1278.258",="FLO | EVC236 | SLID 157284 | 19054 N Kittridge St"
="fefec134-44a5-4e4c-9c19-d3ff236f28a0",="AUI-10225","43","75:51","47.00","USD","367.331",="FLO | EVC238 | SLID 180982 | 23385 W Burbank Blvd"
="f249ced2-842e-407c-8ddc-c46ef05760b4",="AUI-10223","9","175:42","4.34","USD","63.564",="FLO | EVC239 | SLID 226546 | 18401-18435 Kittridge St"
="01f803e3-6a43-44ab-8042-cf7700a4500f",="AUI-10203","29","48:48","91.64","USD","235.361",="FLO | EVC240 | SLID 94216 | 6813 N Hayvenhurst Ave"
="12545c23-19cb-49d4-9387-303cfed62673",="AUI-10202","12","17:23","27.07","USD","56.279",="FLO | EVC241 | SLID 146945 | 6013 W Cadillac Ave"
="cabccd91-250c-4eab-9a0c-e077023fa7cd",="AUI-10253","116","564:03","213.56","USD","729.65",="FLO | EVC242 | SLID 93454 | 587 S Hobart Blvd"
="e0415b60-7994-441e-b59e-4ad8ab6b2416",="AUI-10215","107","283:28","154.69","USD","1086.834",="FLO | EVC246 | SLID 93913 | 609 W Alpine St"
="15159d5d-ce09-4e9b-8f93-d1f5c50a7fd1",="AUI-10219","138","611:40","748.21","USD","1810.076",="FLO | EVC249 | SLID 97438 | 6438 N Fulton Ave"
="db61a05d-3cb1-4caa-90a8-a47d36b35155",="AUI-10242","71","306:51","95.27","USD","1401.968",="FLO | EVC251 | SLID 133276 | 1109 South La Brea Ave"
="10afff36-2562-4576-98ce-12ba3bffaefd",="AUI-10272","61","144:28","221.90","USD","765.377",="FLO | EVC252 | SLID 224033 | 7614 N Louise Ave"
="e7345958-150b-4d7a-bf52-74f09c93bc57",="AUI-10260","35","60:03","83.36","USD","383.122",="FLO | EVC253 | SLID 146508 | 9866 N De Soto Ave"
="2b744d81-8826-4d11-a8b4-8ab2ea78a11a",="AUI-10258","20","48:52","21.92","USD","162.301",="FLO | EVC254 | SLID 34194 | 11118 S Main St"
="43e0b4a8-5c5a-4287-9490-1f2daee13185",="AUI-10222","13","16:56","33.95","USD","97.768",="FLO | EVC256 | SLID 33259 | 3840 S Western Ave"
="4af2f21b-4b34-4031-8bec-16919690ee9b",="AUI-10209","39","95:12","170.65","USD","355.88",="FLO | EVC258 | SLID 143405 | 11730 National Blvd"
="57f3be31-cf87-4242-86e4-f8da85027538",="AUI-10210","77","187:31","79.35","USD","938.178",="FLO | EVC260 | SLID 28277 | 11667 W Santa Monica Blvd"
="ecce37e5-b9f4-4979-8975-c82641ec6720",="AUI-10213","81","210:05","219.77","USD","917.149",="FLO | EVC262 | SLID 167523 | 10478 W Wilshire Blvd"
="d9ee9840-9631-418c-9d84-a5a310fb3b2a",="AUI-10211","67","156:46","154.54","USD","731.494",="FLO | EVC263 | SLID 216173 | 8334 Lincoln Blvd"
="1a4e84cb-e71a-4707-945a-034f55e8295e",="AUI-10221","13","19:23","29.39","USD","101.938",="FLO | EVC264 | SLID 161218 | 12159 W Olympic Blvd"
="7b0a099b-63e3-4316-bb1f-afd54d4c1342",="AUI-10217","135","262:50","464.54","USD","1249.104",="FLO | EVC266 | SLID 72362 | 6646 W Sunset Blvd"
="67333250-7e5e-4b55-b619-5837bb73f431",="AUI-10208","242","563:31","575.01","USD","3281.288",="FLO | EVC267 | SLID 28181 | 12237 W Santa Monica Blvd"
="d5c3434c-aecf-4507-8bf0-d7194c22f3fd",="AUI-10271","21","33:52","16.40","USD","112.958",="FLO | EVC269 | SLID 168570 | 11816 W Major St"
="25def0ed-ba4f-409d-9768-81b2b9ed6b24",="AUI-10252","60","135:11","151.49","USD","799.72",="FLO | EVC270 | SLID 127706 | 11677 San Vicente Blvd"
="0b5f9232-ada0-4713-b062-88f312116aa2",="AUI-10250","6","5:42","8.59","USD","39.544",="FLO | EVC273 | SLID 56113 | 8624 S Wilton Pl"
="5c60f8fb-4484-40f5-a95f-d356911176fe",="AUI-10246","46","121:07","32.97","USD","372.329",="FLO | EVC278 | SLID 49986 | 1516 N North Spring St"
="58667645-f958-401c-a4c3-a93c9d15e087",="AUI-10220","23","26:17","39.43","USD","92.755",="FLO | EVC279 | SLID 83851 | 616 W Washington Blvd"
="764d7c97-55e1-4ddc-8006-ee80cf347802",="AUI-10243","3","0:00","0.00","USD","0.139",="FLO | EVC280 | SLID 144086 | 13076 W Sherman Way"
="72d3cb97-0ec2-4f1e-8365-bd1847070d56",="AUI-10204","150","257:53","235.90","USD","1185.914",="FLO | EVC282 | SLID 231336 | 2843 S Flower St"
="5cae54d9-9822-41d2-9cb9-59d018643aa3",="AUI-10200","207","595:58","587.23","USD","3000.431",="FLO | EVC283 | SLID 207143 | 182 S Alameda St"
="2ac1b52d-67a9-494b-b7d3-f1f775b12a2a",="AUI-10227","49","245:58","89.72","USD","483.443",="FLO | EVC285 | SLID 132049 | 19135 W Victory Blvd"
="e3e9f199-fd5f-4d16-b293-b0a7be5d02f1",="AUI-10235","102","260:23","246.43","USD","1462.296",="FLO | EVC287 | SLID 166286 | 12387 W Osborne St"
="56141117-98b6-4e32-95e2-fa2b5e088585",="AUI-10206","108","259:11","199.01","USD","1055.438",="FLO | EVC291 | SLID 199912 | 6765 W Foothill Blvd"
="e952d6e5-4ca6-4419-8b89-ed8462d15286",="AUI-10266","25","32:46","43.81","USD","186.468",="FLO | EVC293 | SLID 152646 | 12518 W Oxnard St"
="29366134-66b3-4955-9c9c-f6f41ae3cd39",="AUI-10264","45","82:41","74.99","USD","360.141",="FLO | EVC294 | SLID 141079 | 12728 W Sherman Way"
="c32f876a-c731-4911-91c4-64985cad26a3",="AUI-10229","121","346:09","109.57","USD","2017.355",="FLO | EVC295 | SLID 162464 | 15596 W Roxford St"
="faf41cbc-22cf-45c1-afdb-5024e177741e",="AUI-10247","25","65:38","2.08","USD","393.226",="FLO | EVC298 | SLID 128310 | 13194 W Sherman Way"
="28ee7267-cad9-4738-8760-5cc6e9993654",="AUI-10251","96","258:10","106.31","USD","1318.231",="FLO | EVC299 | SLID 200848 | 1348 Abbot Kinney Blvd"
="a5e5e5fa-8f92-4340-a9dd-74987f81f9ed",="AUI-10267","12","27:49","6.58","USD","76.58",="FLO | EVC300 | SLID 145314 | 13629 W Sherman Way"
="23f956c5-27e3-4a7a-9fc4-ea48cf091999",="AUI-10249","126","440:55","212.56","USD","1887.829",="FLO | EVC301 | SLID 179357 | 3773 Motor Ave"
="d99e86b4-4300-459d-ad97-d868b2d49ec8",="AUI-10236","18","45:07","84.45","USD","165.544",="FLO | EVC304 | SLID 35423 | 840 Imperial Hwy"
="22f79341-5ba8-4f7c-9777-2a644875b5d8",="AUI-10233","111","188:55","262.68","USD","1119.677",="FLO | EVC305 | SLID 77851 | 4121 Valley Blvd"
="5a644172-0c3f-4439-b887-55f876a38bde",="AUI-10231","70","207:03","173.01","USD","934.29",="FLO | EVC306 | SLID 38260 | 1862 Robertson Blvd"
="d4715614-3041-42a9-a2cc-f06c77f9b986",="AUI-10238","12","17:12","13.91","USD","98.873",="FLO | EVC307 | SLID 233148 | 8931 Venice Blvd"
="d11e399e-e206-4c76-9ad0-bf72166cafa6",="AUI-10289","71","146:56","4.35","USD","800.247",="FLO | EVC310 | SLID 226088 | 4940 Paso Robles Ave"
="3daf45f8-f9a0-46e2-8cef-1c33bc2dcc0e",="AUI-10285","12","24:52","17.25","USD","93.621",="FLO | EVC312 | SLID 13138 | 10928 W Pico Blvd"
="5b4aa768-64b0-4a45-9cb2-071c26eb7c43",="AUI-10291","18","27:10","10.89","USD","141.677",="FLO | EVC314 | SLID 198467 | 4647 Marmion Way"
="3915cca1-bcd4-48c8-be8b-6fd27a142d8e",="AUI-10293","19","57:45","4.23","USD","354.824",="FLO | EVC315 | SLID 70215 | 7224 Valjean Ave"
="2970cab5-7aae-41b9-a47b-e65b4e2dd1c2",="AUI-10280","28","33:16","18.19","USD","149.297",="FLO | EVC316 | SLID 163081 | 16501 Otsego St"
="d8183c91-2e7c-449a-8e3a-487b42739ad6",="AUI-10277","36","45:27","89.72","USD","225.828",="FLO | EVC317 | SLID 223501 | 4424 Wesley Ave."
="4773e851-e374-47fd-bc29-cfe3c03f983f",="AUI-10279","15","15:46","2.63","USD","72.048",="FLO | EVC318 | SLID 159877 | 18235 South Figueroa St"
="e3b5b8c7-98c9-4f24-92b4-7706604d5a8f",="AUI-10284","14","7:46","3.73","USD","51.065",="FLO | EVC319 | SLID 97708 | 15321 S Figueroa St"
="5ce00848-ea32-4a44-89d6-d953f009a725",="AUI-10283","49","141:55","58.79","USD","712.274",="FLO | EVC320 | SLID 27595 | 18401 Burbank Blvd"
="a9977875-c053-472e-ac95-672667246e30",="AUI-10286","32","35:18","14.29","USD","186.003",="FLO | EVC321 | SLID 151394 | 7245 Canoga Ave"
="b6c5c4cb-268a-43fa-8f18-03e4d3b8a559",="AUI-10326","19","49:47","12.74","USD","247.75",="FLO | EVC322 | SLID 17271 | 5962 San Vicente Blvd"
="48d52750-f25d-416a-88dd-1473448673e3",="AUI-10315","5","0:46","0.00","USD","5.003",="FLO | EVC323 | SLID 140215 | 14901 Rinaldi street"
="2a1a0698-2486-4690-bcf6-af62b02ff592",="AUI-10282","31","53:50","36.72","USD","297.783",="FLO | EVC324 | SLID 174809 | 10455 W Magnolia Blvd"
="93f3007f-e2c2-4c99-952e-49d70d845b3c",="AUI-10308","186","484:40","68.33","USD","2183.148",="FLO | EVC325 | SLID 88220 | 3117 Temple St."
="0dcb1bda-9261-4554-aa0d-468bc5a6649a",="AUI-10314","30","267:15","6.43","USD","420.768",="FLO | EVC326 | SLID 61506 | 20124 Sherman Way"
="bc01ba6b-a766-4bba-8339-2a50f1a7299c",="AUI-10309","37","56:17","24.28","USD","360.482",="FLO | EVC327 | SLID 133483 | 8245 Winnetka Ave"
="1abc317d-646f-421b-be51-cb4d49a5b4a7",="AUI-10288","28","130:57","54.91","USD","673.095",="FLO | EVC328 | SLID 200037 | 1747 S Barrington Ave"
="ce6876df-ab0e-4a45-b628-f6a3de2b1912",="AUI-10298","3","0:14","0.00","USD","1.456",="FLO | EVC329 | SLID 27044 | 10416 Irene St"
="c7e7a21e-4da0-4624-b3be-f6a9bc690e89",="AUI-10302","84","142:56","16.11","USD","582.168",="FLO | EVC330 | SLID 192527 | 722 Alameda St"
="1f7584a0-c106-47e8-8926-f89daf630d95",="AUI-10287","95","403:47","0.00","USD","1778.145",="FLO | EVC331 | SLID 225695 | 2900 S Sepulveda Blvd"
="91553e19-caa2-488a-bb86-a3a9493d84c0",="AUI-10321","53","56:08","6.69","USD","345.558",="FLO | EVC332 | SLID 102202 | 6510 Forest Lawn Drive"
="d50c42b6-6ee5-48e2-a537-eacb6512d852",="AUI-10322","24","33:04","20.82","USD","203.881",="FLO | EVC333 | SLID 163185 | 11320 Laurel Canyon Blvd"
="35975ebb-fd19-4d52-a9f9-0fdd865cdee4",="AUI-10317","18","65:08","6.39","USD","217.796",="FLO | EVC334 | SLID 138318 | 8309 Louise Ave"
="45772d6d-2724-423d-ba5e-e0008a060494",="AUI-10310","2","0:03","0.00","USD","0.215",="FLO | EVC335 | SLID 141798 | 7537 Balboa Blvd"
="138ea5e8-031c-4767-b33b-9a6db7c3fc2b",="AUI-10313","23","39:59","17.50","USD","192.641",="FLO | EVC336 | SLID 154361 | 18099 Rinaldi street"
="dbf857c2-ef28-4105-82ac-c5d78eea48d7",="AUI-10312","40","152:41","9.45","USD","610.003",="FLO | EVC337 | SLID 193696 | 21900 Plummer St"
="43254d1a-e4a4-4abd-aae7-7e69a7651220",="AUI-10307","12","9:38","2.36","USD","55.592",="FLO | EVC338 | SLID 139899 | 10567 Mason Ave"
="788fb5f1-fa69-470e-be6a-152308904ab8",="AUI-10387","8","53:15","4.10","USD","103.377",="FLO | EVC339 | SLID 19892 | 5350 San Vicente Blvd"
="d413381a-9305-4bee-854e-3af3ecec5da2",="AUI-10294","33","117:46","2.83","USD","653.716",="FLO | EVC340 | SLID 38498 | 1143 S Beverly Dr"
="e2e3a9b4-d602-4ac4-88a6-35dab47b8a28",="AUI-10292","12","8:07","0.00","USD","32.999",="FLO | EVC342 | SLID 92220 | 664 S Central Ave"
="02dc1b42-847e-4717-8a6d-a39a6c836f64",="AUI-10295","57","228:20","20.42","USD","1186.088",="FLO | EVC344 | SLID 38489 | 5931 W 18th St"
="a4cf1ed6-68ba-4c4c-8815-952c5203d41a",="AUI-10296","58","89:10","16.14","USD","206.503",="FLO | EVC345 | SLID 183654 | 6299 W 87th St"
="12b08f49-69a5-4210-bc0e-5841364ca11d",="AUI-10290","45","103:59","5.02","USD","543.671",="FLO | EVC346 | SLID 39260 | 1398 S Orange Grove Ave"
="bfcc4a24-3e9c-4a7b-b685-6802a2ec18c0",="AUI-10318","17","55:35","0.97","USD","134.4",="FLO | EVC347 | SLID 14176 | 2442 Marengo St"
="dd748924-7a65-4e6f-b0ba-fffad9b3dac1",="AUI-10319","10","4:23","0.06","USD","30.298",="FLO | EVC348 | SLID 125672 | 10108 Mason Avenue"
="93064408-4c67-4f09-8aba-32c1f34ada4a",="AUI-10316","11","19:02","24.73","USD","115.661",="FLO | EVC349 | SLID 332 | 3022 S Grand Ave"
="f0551d10-2700-41d3-9d57-0f7fb10dd388",="AUI-10281","8","11:21","15.24","USD","40.543",="FLO | EVC350 | SLID 84741 | 3000 W Slauson Ave"
="92799262-4e60-4280-b086-eceac6e974f8",="AUI-10324","19","36:13","5.64","USD","229.025",="FLO | EVC351 | SLID 35130 | 11009 S Figueroa St"
="1cee9a17-20e3-4ee7-a90e-791ccb805f20",="AUI-10323","11","19:08","25.79","USD","54.667",="FLO | EVC352 | SLID 52564 | 1033 W Pacific Coast Hwy"
="68c23609-4628-47c3-9ce5-cab124e933e7",="AUI-10311","101","282:39","77.95","USD","1012.329",="FLO | EVC353 | SLID 170749 | 5160 Vineland Avenue"
="f6dbb56b-cbea-4f1a-b16d-8b264c92086b",="AUI-10299","20","73:54","26.35","USD","210.059",="FLO | EVC354 | SLID 139418 | 11410 Burbank Blvd"
="280ea3fb-dd92-4756-9be4-7842065166b2",="AUI-10320","28","114:06","11.75","USD","443.529",="FLO | EVC355 | SLID 145496 | 21365 Erwin St"
="4b4ff1f9-8673-4f6c-ab9b-c5c4bed63710",="AUI-10325","12","13:29","1.01","USD","50.585",="FLO | EVC357 | SLID 151958 | 8201 Tampa Avenue"
="0d351079-7a0b-4899-b523-5b32f9c61b17",="AUI-10306","50","94:07","45.36","USD","352.593",="FLO | EVC358 | SLID 146920 | 6007 Variel Ave"
="470f6c6a-ded1-4577-ad63-13b33fea82d0",="AUI-10356","30","109:32","0.00","USD","386.748",="FLO | EVC359 | SLID 148753 | 7647 Canoga Avenue"
="a8195289-5c4c-4500-a028-fa04875d8d30",="AUI-10338","15","18:02","0.00","USD","95.19",="FLO | EVC360 | SLID 175900 | 3845 Selig Pl"
="914285a3-e3ae-4ecf-9e0e-29b37112221b",="AUI-10348","35","182:59","0.00","USD","455.12",="FLO | EVC362 | SLID 179390 | 10215 Palms Blvd"
="22a9a0de-c91d-44a4-89dc-befea30331c7",="AUI-10342","3","1:38","0.00","USD","5.799",="FLO | EVC363 | SLID 113361 | 9418 National Blvd"
="b3b9a6db-010f-463d-8659-efb6ed74493b",="AUI-10297","18","27:27","1.11","USD","163.09",="FLO | EVC364 | SLID 16921 | 13308 Paxton St"
="8b3e9c78-c631-4e36-a947-3a04c6535a6e",="AUI-10303","46","218:32","0.00","USD","343.759",="FLO | EVC366 | SLID 48611 | 1499 Gordon St"
="231b536d-c748-46e6-a255-02a71b820f0a",="AUI-10305","23","97:55","0.00","USD","308.069",="FLO | EVC368 | SLID 178154 | 3211 Beverly Blvd"
="699b3ed3-e718-4a16-b0bf-0238349b56c2",="AUI-10300","58","195:31","2.14","USD","722.274",="FLO | EVC369 | SLID 178172 | 3215 Beverly Blvd"
="32db5e81-2a85-41db-b84d-648ca681f69f",="AUI-10301","5","2:15","0.00","USD","14.399",="FLO | EVC370 | SLID 88523 | 256 S Lafayette Park Pl"
="a087bede-7e10-46ec-8045-aae7d5b3bde0",="AUI-10327","2","0:03","0.00","USD","0.276",="FLO | EVC373 | SLID 41597 | 948 E Vernon Ave"
="47b0df58-ceec-4942-aafb-ab96f5371ca3",="AUI-10332","97","502:03","0.00","USD","1895.49",="FLO | EVC374 | SLID 221767 | 923 E 3rd St"
="f0042211-489c-4f2a-8d48-457b879729d9",="AUI-10350","65","633:14","0.00","USD","741.562",="FLO | EVC376 | SLID 230518 | 9850 Exposition Blvd"
="f311cfe8-89df-4b36-b2cd-cd635c5edad1",="AUI-10346","5","13:23","9.84","USD","91.244",="FLO | EVC377 | SLID 38241 | 1757 S Robertson Blvd"
="37a13054-760c-42cc-bc5d-e80eaf9f95f6",="AUI-10360","12","5:00","0.00","USD","27.413",="FLO | EVC378 | SLID 57793 | 2411 N Thomas Street"
="00a88fc1-bdd6-439e-9dc1-b963709e334f",="AUI-10334","26","62:50","0.00","USD","334.522",="FLO | EVC379 | SLID 88401 | 176 S Virgil Ave"
="1effdc21-4027-4f66-aa32-597d7a8412b5",="AUI-10304","16","44:12","3.58","USD","121.47",="FLO | EVC382 | SLID 225591 | 3619 Regal Pl"
="5041a579-7696-4355-8b58-63125e8dcc7d",="AUI-10370","14","2:20","0.00","USD","15.638",="FLO | EVC383 | SLID 145228 | 18744 Parthenia St"
="f79cb54c-296c-4de2-a5d2-23a8807f8a72",="AUI-10343","27","92:19","0.00","USD","254.512",="FLO | EVC384 | SLID 149143 | 21021 Devonshire St"
="4079fa57-6127-4d35-94a9-ebc47a0be93b",="AUI-10368","10","7:33","0.00","USD","42.935",="FLO | EVC385 | SLID 134506 | 6945 Sepulveda Blvd"
="61073a0d-35ee-4f8c-8007-0c322359d98f",="AUI-10354","16","90:15","0.00","USD","362.481",="FLO | EVC386 | SLID 155257 | 838 S Barrington Ave"
="9119542b-62d6-41f4-a0b4-2059cb0bec6c",="AUI-10375","62","382:16","0.00","USD","1020.293",="FLO | EVC387 | SLID 170570 | 4294 Coldwater Canyon Ave"
="26b4ad86-6aa8-48cd-a167-cdd9d9b956fb",="AUI-10380","57","257:47","0.00","USD","1009.383",="FLO | EVC388 | SLID 73105 | 4319 Whitsett Ave"
="d64eb9f5-3d16-4b64-b10e-00d8ee6bab3a",="AUI-10373","4","0:43","0.00","USD","2.448",="FLO | EVC389 | SLID 147340 | 15450 Plummer St"
="6725e606-960b-486a-ab53-f9779be9244e",="AUI-10349","4","1:39","0.00","USD","8.703",="FLO | EVC390 | SLID 17822 | 11175 Glenoaks Blvd"
="737e2c9b-9a28-450b-a6a0-2afeee269c14",="AUI-10347","7","5:30","0.00","USD","28.777",="FLO | EVC391 | SLID 178622 | 9776 S Sepulveda Blvd"
="c03e43f6-dcf4-466e-b9cd-368098a42e26",="AUI-10355","17","52:04","0.00","USD","99.232",="FLO | EVC392 | SLID 198501 | 8932 Woodman Ave"
="9d4c590e-b909-4aaf-ac48-420d0f416f23",="AUI-10351","46","168:10","0.00","USD","331.887",="FLO | EVC393 | SLID 64375 | 17415 Vanowen St"
="8e7d8d3d-9ac8-4b43-a40f-0d1f895c2ca7",="AUI-10341","8","12:34","0.00","USD","83.206",="FLO | EVC396 | SLID 77859 | 4349 E Valley Blvd"
="6014f68a-eafc-464f-9c3d-5939ff27ed0b",="AUI-10337","29","33:36","0.00","USD","209.732",="FLO | EVC397 | SLID 144277 | 1751 Westwood Blvd"
="665cec26-46be-4f52-ab37-8cf60362a5f8",="AUI-10378","95","367:29","0.00","USD","1803.186",="FLO | EVC398 | SLID 94499 | 6959 Esplanade St"
="6fdb2586-f1ca-4d9d-a2c5-57fe52e66fd2",="AUI-10366","7","13:31","0.00","USD","91.231",="FLO | EVC399 | SLID 144296 | 1248 Westwood Blvd"
="02e6a805-4af7-4936-ab79-31e34e0d4acc",="AUI-10336","80","207:57","0.00","USD","851.722",="FLO | EVC402 | SLID 142793 | 4839 Laurel Canyon Blvd"
="5b66ccf4-cd99-4d55-b343-ea09de66db58",="AUI-10376","2","0:02","0.00","USD","0.145",="FLO | EVC403 | SLID 134480 | 7428 S Sepulveda Blvd"
="c4b4ec9f-ea56-4d06-9947-b1f4479e5882",="AUI-10382","21","74:31","0.00","USD","191.764",="FLO | EVC407 | SLID 226744 | 10654 W Magnolia Blvd"
="0d98c095-73ea-4108-8c83-30a4070f88d3",="AUI-10364","5","0:44","0.00","USD","2.715",="FLO | EVC409 | SLID 186635 | 6040 Jefferson Blvd"
="c181bab1-fbcd-462c-9288-f5be33b9c4b6",="AUI-10389","15","106:14","0.00","USD","136.281",="FLO | EVC412 | SLID 85210 | 5263 Packard"
="ce30104d-d7e1-4751-995d-7d394e8ca36c",="AUI-10388","8","3:40","0.00","USD","15.432",="FLO | EVC414 | SLID 194495 | 9818 Reseda Blvd"
="f99dc466-b30e-4b3f-a650-f31a223a2123",="AUI-10363","4","2:25","0.00","USD","15.956",="FLO | EVC415 | SLID 40981 | 8800 S Hoover St"
="6ad7a735-6046-4d92-a459-e959e7f94ba6",="AUI-10390","29","202:50","0.00","USD","577.583",="FLO | EVC416 | SLID 167839 | 9889 Beachy Ave"
="c3064fda-5e05-4cc3-affb-253ec01bde47",="AUI-10385","4","3:42","0.00","USD","16.754",="FLO | EVC417 | SLID 196230 | 10645 Glenoaks Blvd"
="53fe5b6e-187c-4a08-afa0-f29fa9ad567b",="AUI-10377","14","18:20","0.00","USD","73.022",="FLO | EVC418 | SLID 199480 | 2044 Reservoir St"
="923d1f1b-7ca2-479e-94df-7ea1ed8c3357",="AUI-10352","12","9:35","0.00","USD","59.852",="FLO | EVC419 | SLID 146168 | 7178 Tujunga Ave"
="f849f304-a518-49f8-8c14-15bd976eba92",="AUI-10383","81","248:49","0.00","USD","899.057",="FLO | EVC420 | SLID 217034 | 11169 Weddington St"
="b9293ccb-0286-42e6-b510-210f6501f130",="AUI-10367","4","1:29","0.00","USD","10.168",="FLO | EVC421 | SLID 148103 | 5441 E Valley Blvd"
="467a73a0-d5d2-4817-82b2-0e6c36a05d52",="AUI-10365","4","1:09","0.00","USD","8.341",="FLO | EVC422 | SLID 112855 | 8935 Mason Ave"
="bbd7e8c1-7cd3-461e-91ef-4d083b686b1c",="AUI-10379","48","275:09","0.00","USD","591.758",="FLO | EVC423 | SLID 211243 | 10949 Huston St"
="e270de4e-9443-46e0-928a-11f15072b270",="AUI-10391","6","5:18","0.00","USD","17.921",="FLO | EVC427 | SLID 94004 | 10517 San Fernando Rd"
="adbeef49-b67d-4886-844c-dc3512b221b2",="AUI-10381","15","49:25","0.00","USD","161.906",="FLO | EVC428 | SLID 102290 | 11185 Hindry Ave"
="0cb6a4bf-a85c-4f2c-82a0-4013315c6bb4",="AUI-10357","3","2:19","0.00","USD","15.235",="FLO | EVC431 | SLID 162558 | 10634 Valparaiso St"
="70c193d1-573c-49af-a7b1-e82e5c135f1e",="AUI-10340","30","167:36","0.00","USD","739.563",="FLO | EVC432 | SLID 81407 | 4240 Fulton Ave"
="100a18bd-3ec2-4459-a070-3ae67d721c0e",="AUI-10344","12","90:47","0.00","USD","208.536",="FLO | EVC433 | SLID 100239 | 4236 Longridge Ave"
="49fccb1c-b38c-4858-beba-b780b92989e8",="AUI-10384","20","50:07","0.00","USD","155.939",="FLO | EVC435 | SLID 234757 | 7123 Tampa Ave"
="485c5ece-1d9f-4529-aa32-461c60aa11dc",="AUI-10358","15","52:03","0.00","USD","127.04",="FLO | EVC436 | SLID 84802 | 13214 Moorpark St"
="1f1c398b-b0a2-4650-a585-47b063a6306e",="AUI-10361","14","24:06","0.00","USD","155.627",="FLO | EVC437 | SLID 198082 | 11048 Huston St"
="6e7f1dbe-01a7-402a-ae91-e0d4d1ae19c3",="AUI-10362","8","9:17","0.00","USD","58.476",="FLO | EVC440 | SLID 167287 | 998 S Hobart Blvd"
="33dc83e3-235b-418f-854e-a1c0d5cdc8f5",="AUI-10359","2","0:03","0.00","USD","0.307",="FLO | EVC453 | SLID 35218 | 10919 S Figueroa St"
="383393b8-6b6e-454a-88a0-832c8fcd9a1d",="AUI-10261","136","213:23","12.37","USD","1049.059",="FLO | EVC90 | SLID 50140 | 729 N North Spring St"
